"filename","date","timestamp","title","keep","type","caption"
"1220521231190.jpg","1/7/10","1262894696","Food Face for Thursday, January 7th, 2010.","","foodface","The face that began it all. Broccoli hair, tomato ears, cherry tomato eyes and nose, olive eybrows, and a cheesy smile. Perfect."
"1223734351516.jpg","1/11/10","1263240123","Food Face for Monday, January 11th, 2010.","","foodface","Broccoli hair, spinach ears and eyebrows, bean eyes and nose, and a big pea smile. To be green is to be happy!"
"1224712175961.jpg","1/13/10","1263343083","Food Face for Tuesday, January 12th, 2010.","","foodface","This one is a bit tougher to make out, I know. Lettuce hair and eybrows, fruity eyes, cherry tomato nose, spiral pasta ears, and a big apple-slice smile."
"1225299550645.jpg","1/13/10","1263409081","Food Face for Wednesday, January 13th, 2010.","","foodface","One broccoli cool daddy-o."
"1226110530919.jpg","1/14/10","1263498970","Food Face for Thursday, January 14th, 2010.","","foodface",""
"1230354557017.jpg","1/19/10","1263943896","Food Face for Tuesday, January 19th, 2010.","","foodface",""
"1230944091755.jpg","1/20/10","1264016446","Food Face for Wednesday, January 20th, 2010.","","foodface",""
"1231517026078.jpg","1/21/10","1264091803","Aidan's 2010 Pinewood Derby racer is now complete!  We put the last details on this morning before work/school. The race is tonight. We'll see how fast it is!","No","",""
"1232398048103.jpg","1/22/10","1264188740","Food Face for Thursday, January 21st, 2010.
Corn rows!","","foodface",""
"1232401928200.jpg","1/22/10","1264189016","Food Face for Friday, January 22nd, 2010.
Surprised!","","foodface",""
"1234790347909.jpg","1/25/10","1264448586","Food Face for Monday, January 25th, 2010.
Smile when you're feeling peachy!","","foodface",""
"1235605648291.jpg","1/26/10","1264536802","Food Face for Tuesday, January 26th, 2010.
Another green themed smile.","","foodface",""
"1236417628590.jpg","1/27/10","1264623289","Food Face for Wednesday, January 27th, 2010.
Pasta salad makes for a bit of a monster face.","","foodface",""
"1240492290454.jpg","2/1/10","1265052250","Food Face for Monday, February 1st, 2010.
This one's just clownin' around!","","foodface",""
"1241350751915.jpg","2/2/10","1265140340","Food Face for Tuesday, February 2nd, 2010.","","foodface",""
"1242184332754.jpg","2/3/10","1265226143","Food Faces for Wednesday, February 3rd, 2010.
The first angle for the Two-faced Tomato Sandwich Twins...","","foodface",""
"1242186572810.jpg","2/3/10","1265226293","Food Faces for Wednesday, February 3rd, 2010.
The unintentional second face on the Two-faced Twins!","","foodface",""
"1242978832616.jpg","2/4/10","1265311818","Food Face for Thursday, February 4th, 2010.
This was designated the ""High-Carb"" face on the way through the checkout line today. It's a lot more carbs (and fat) than I normally put on my lunch plate.","","foodface",""
"1248098120595.jpg","2/10/10","1265834284","Food Faces for Wednesday, February 10th, 2010.
Happy tomato sandwiches!","","foodface",""
"1248967502329.jpg","2/11/10","1265918281","Food Face for Thursday, February 11th, 2010.
Mustache with a peachy smile.","","foodface",""
"1249868124844.jpg","2/12/10","1266004387","Food Face for Friday, February 12th, 2010.
Jello and broccoli DO go together!","","foodface",""
"1252863679731.jpg","2/15/10","1266262892","Food Face for Monday, February 15th, 2010.
A salad face fit for the Emerald City of Oz.","","foodface",""
"1253791222919.jpg","2/16/10","1266351855","Food Face for Tuesday, February 16th, 2010.
Carrots are good for the eyes, right?","","foodface",""
"1254761727181.jpg","2/17/10","1266439515","Food Face for Wednesday, February 17th, 2010.
Carrot-face! One baby carrot for the hair, and another for the rest of the face.","","foodface",""
"1255640589152.jpg","2/18/10","1266524946","Food Faces for Thursday, February 18th, 2010.
Smile and wave, boys. Smile and wave.","","foodface",""
"1256473369971.jpg","2/19/10","1266608669","Food Face for Friday, February 19th, 2010.
Pale face.","","foodface",""
"1259894815505.jpg","2/23/10","1266951309","Food Face for Tuesday, February 23rd, 2010.
Pierced ears!","","foodface",""
"1261386052785.jpg","2/25/10","1267113033","Food Face for Wednesday, February 24th, 2010.
Alien Carrot-Top?","","foodface",""
"1265062624697.jpg","3/1/10","1267475034","Food Face for Monday, March 1st, 2010.
Broccoli is back, and it brought some green (and and an orange) friends.","","foodface",""
"1266649784375.jpg","3/3/10","1267643264","Food Face for Wednesday, March 3rd, 2010.
One big ear-ring. Pirate or Fashionista?","","foodface",""
"1272072479939.jpg","3/9/10","1268164239","Food Face for Tuesday, March 9th, 2010.
A Celery Person!","","foodface",""
"1273874444987.jpg","3/11/10","1268335843","Food Face for Thursday, March 11th, 2010.
Chicken Chili soup definitely makes for an odd complexion.","","foodface",""
"1274902070677.jpg","3/12/10","1268432164","Food Face for Friday, March 12th, 2010.
Cucumber is good for the face, is it not?","","foodface",""
"1280880140125.jpg","3/19/10","1269028908","Food Face for Friday, March 19th, 2010.
Another goofy smile. Maybe a bit red-eyed from last night?","","foodface",""
"1285413693461.jpg","3/24/10","1269456775","Food Face for Wednesday, March 24th, 2010.
Beans will give you gas... And a smile!","","foodface",""
"1286220433629.jpg","3/25/10","1269542625","Food Face for Thursday, March 24th, 2010.
The Tam says this one must be Scottish, and therefore good!","","foodface",""
"1287024053719.jpg","3/26/10","1269628173","Food Face for Friday, March 26, 2010.
A bit on the Krabby side today.","","foodface",""
"1326760847114.jpg","5/8/10","1273348471","Food Face for Saturday, May 8, 2010.
Pat O'Brien's Mufaletta and Hurricane.
The Happy Face is on ME this time!","","foodface","Imagine Pac Man going after french fries. See?"
"1327017013518.jpg","5/9/10","1273371831","Food Face for Sunday, May 9, 2010.","","other","This is a ridiculous amount of wonderful food! I have no idea how to make a dent since I am still miserably full from lunch. Even so, the smile is on ME today!
I wish every day were this kind of challenging!"
"1335877955036.jpg","5/17/10","1274121833","Food Face for Monday, May 17th, 2010.
It looks a bit like the Man on the Moon showed up in my bowl!","","foodface",""
"1342762007133.jpg","5/24/10","1274722485","Food Face for Monday, May 24th, 2010.
Just Happy to be in Texas!","","foodface",""
"1343269259814.jpg","5/25/10","1274757694","Tracye lovin' every minute with George Michael and the rebel without a clue!","No","",""
"1355428603790.jpg","6/7/10","1275939203","Food Face for Monday, June 7th, 2010.
Potato soup du jour puts a smile on your face.","","foodface",""
"1368094960441.jpg","6/21/10","1277145957","Food Face for Monday, June 21st, 2010.
Who says potato soup has to be boring?","","foodface",""
"1388497070481.jpg","7/12/10","1278961895","Food Face for Monday, July 12th, 2010.
Happy potatoes!","","foodface",""
"1404844159148.jpg","7/29/10","1280427144","Food Face for Thursday, July 29, 2010.
Even Enchilada Soup can smile!","","foodface",""
"1408679295024.jpg","8/2/10","1280778152","Food Face for Monday, August 1st, 2010.
Ignorance is Bliss!  Especially if you happen to be someone else's food.","","foodface",""
"1411843134118.jpg","8/5/10","1281036267","Food Face for Thursday, August 5th, 2010.","","foodface",""
"1415816113440.jpg","8/9/10","1281380844","Food Face for Monday, August 9th, 2010.
Olive to see you again!","","foodface",""
"1416781057563.jpg","8/10/10","1281466366","Food Face for Tuesday, August 10th, 2010.
This gumbo has the hottest smile yet!","","foodface",""
"1422729206263.jpg","8/16/10","1281983240","Food Face for Monday, August 16th, 2010.
Big smiles make for happy days.","","foodface",""
"1448705215647.jpg","9/9/10","1284061227","Food Face for Thursday, September 9th, 2010.
Smile, and your soup smiles with you. See?!?","","foodface",""
"1454145071640.jpg","9/14/10","1284489107","Food Face for Tuesday, September 14th, 2010.
Most things can be helped by a big enough smile, even tomato soup!","","foodface",""
"1456448249218.jpg","9/16/10","1284662735","Food Face for Thursday, September 16th, 2010.
More cheesey smile experiments.","","foodface",""
"1460732676326.jpg","9/20/10","1285008681","Food Face for Monday, September 20, 2010.
Mondays feel brighter with a big smile!","","foodface",""
"1464061199537.jpg","9/23/10","1285269731","Food Face for Thursday, September 23rd, 2010.
I may be on to something here. Quite difficult to drizzle sauces with these big ladles, but the payoff may be most entertaining!","","foodface",""
"1468374147358.jpg","9/27/10","1285612567","Food Face for Monday, September 27th, 2010.
Amazing how many faces potato soup can wear, isn't it?","","foodface",""
"1476341466536.jpg","10/4/10","1286220016","Food Face for Monday, October 4th, 2010.
Halloween is nigh! What do you think? Is the potato soup getting into the spirit?","","foodface",""
"1477495335382.jpg","10/5/10","1286307781","Food Face for Tuesday, October 5th, 2010.
Technical difficulty: This was a fairly decent jack-o-lantern before I walked to my table. The journey submerged much of the face into the surrounding roasted red pepper soup. I'll try again another time!","","foodface",""
"1479789512735.jpg","10/7/10","1286476380","Food Face for Thursday, October 7th, 2010.
The Halloween season continues, this time with Chicken Enchilada soup taking the stage.","","foodface",""
"1484392827815.jpg","10/11/10","1286823736","Food Face for Monday, October 11th, 2010.
The red-haired clown isn't the only that can do a happy meal!","","foodface",""
"1485656819414.jpg","10/12/10","1286908981","Food Face for Tuesday, October 12th, 2010.
First day of the new diet. I'm still getting comfortable with what I'm allowed. Faces may be challenging for awhile. Today's comments included ""a muppet!"" and it ""looks cuddly!""","","foodface",""
"1488087800187.jpg","10/14/10","1287083549","Food Face for Wednesday, October 13th, 2010.
Another broccoli face. Still muppet-ish?","","foodface",""
"1489290910264.jpg","10/15/10","1287167450","Food Face for Thursday, October 14th, 2010.
The return of cottage cheese! Makes for a happy salad, wouldn't you say?","","foodface_hero","Broccoli hair; pickle, olive, and pea eyes; a raisin nose, and a tomato smile."
"1489294750360.jpg","10/15/10","1287167711","Food Face for Thursday, October 14th, 2010.
After! I realized I've never shown what becomes of these faces after I take the photo. This is the same cottage cheese face salad after I dump it onto the plate, just before I eat it.","","foodface_reveal","Here's what that same food face looks like when I dump it out on my plate."
"1493350731757.jpg","10/18/10","1287430909","Food Face for Monday, October 18th, 2010.
Just clowning around.","","foodface",""
"1494851689280.jpg","10/19/10","1287516447","Food Face for Tuesday, October 19th, 2010.
The nice lady at checkout was delighted at this ""monkey face!""","","foodface",""
"1503272859804.jpg","10/25/10","1288032081","Food Face for Monday, October 25th, 2010.
Just clownin' around again.","","foodface",""
"1545208228162.jpg","11/23/10","1290540777","Food Face for Tuesday, November 23rd, 2010.
Today's soup seemed like a crazy combination of beef and red peppers, so I felt it deserved a crazy tomato face floating on top. Enjoy!","","foodface",""
"1554600342959.jpg","12/1/10","1291234495","Food Face for Tuesday, December 1st, 2010.
Brings the name, ""Quasimoto"" to my mind. Seems more like a Merry Halloween face than a Happy Christmas, but as long as we are smiling, life is good! The hot soup on this cold day certainly helps also!","","foodface",""
"1555795812845.jpg","12/2/10","1291319533","Food Face for Thursday, December 2nd, 2010.
Just smile. It's worth it!","","foodface",""
"1560919740940.jpg","12/6/10","1291664061","Food Face for Monday, December 6th, 2010.
The face of change is everywhere, so smile for the cameras!","","foodface",""
"1579284800055.jpg","12/20/10","1292873227","Food Face for Monday, December 20th, 2010.
On a cold day, smiling chilli helps me smile, too!","","foodface",""
"1579968937158.jpg","12/21/10","1292914647","Lunar Eclipse well under way, though this photo doesn't nearly do the event justice.","No","",""
"1851629208495.jpg","6/3/11","1307061538","Food Face for Thursday, June 2nd, 2011.
I haven't been making food faces in a while because I've been exercising for lunch instead. This is the Shepherd's pie and salad exactly as it arrived from the kitchen! I was so tickled!","","foodface,A","I thought I wasn't going to make a food face today, and I was right: This came from the kitchen just like you see."
"1851633928613.jpg","6/3/11","1307061707","Food Face for Thursday, June 2nd, 2011.","","foodface,B","A close-up of the salad with the Shepherd's pie. I didn't do this, I swear!"
"1970237853637.jpg","7/11/11","1310348342","Our first meal at Camp Childress: Chicken & Waffles with mashed potatoes, gravy and chocolate pudding.","No","",""
"1970817548129.jpg","7/11/11","1310384059","Morning World!","No","",""
"1970926990865.jpg","7/11/11","1310389170","Time to officially start the day moving along.","No","",""
"1970964871812.jpg","7/11/11","1310390734","Breakfast of (Midwest) Champions.","No","",""
"1971381402225.jpg","7/11/11","1310405503","Food face for Monday, July 11th, 2011.","","foodface","Not the most appealing food face I've ever done, but it's lunch today at Camp Childress!"
"1972738156143.jpg","7/12/11","1310471512","Morning, World!","No","",""
"1972941361223.jpg","7/12/11","1310480901","Aidan was the first to bulls-eye and pop his balloon on the archery range this morning!","No","",""
"1972988562403.jpg","7/12/11","1310482950","Time for the Pirate activity at the ship in the woods.","No","",""
"1973572977013.jpg","7/12/11","1310502258","Amazing how intense the boys can get about studying ecology!","No","",""
"1973881184718.jpg","7/12/11","1310514593","Flag lowering is more casual tonight because of the two pig luau that's next. Clouds are a nice new feature. (I hope!)","No","",""
"1974802087740.jpg","7/13/11","1310562606","Here is our pile of rain ponchos in the mess hall this morning. Kids didn't panic and even got excited to be camping in the Thunderstorm last night.","No","",""
"1976833258518.jpg","7/14/11","1310644082","From the camp Childress' fishing pond with Aidan's newly gapped smile: Morning World!","No","",""
"2108052418915.jpg","9/10/11","1315687312","Aidan cut the corner off the playing card target for tomahawk throwing. A memorable souvinir!","No","",""
"2108698035055.jpg","9/11/11","1315705232","In remembrance of September 11th, Missouri Scouts retired over 2500 flags from across the state tonight, one for each victim, and more to honor those who have sacrificed themselves for our freedom.","No","",""
"2109843143682.jpg","9/11/11","1315746068","This morning at 7:46 we observed silence, then remembered those who perished and those heroes who selflessly and namelessly came forward to help and support, to rebuild and stand united.","No","",""
"2110237953552.jpg","9/11/11","1315756103","I just received an incredible shock: My entire neighborhood is gone. Demolished. Erased but for streets and poles. Another place from my childhood, a place from my high school years has joined much of my history and is irretrievably destroyed.","No","",""
"2155086514738.jpg","9/25/11","1316985284","Aidan's Great Sales Pitch: Hi, I'm Aidan! It's popcorn time again! This is to support local scouts. Everyone loves our popcorn. What kinds would you like?","No","",""
"2155188037276.jpg","9/25/11","1316987771","Father and Son. Living the good life!","No","",""
"2173310930337.jpg","10/1/11","1317504145","Aidan just attended his first Missouri State Bears football game. Final score: Bears 7, University of N. Iowa 42.","No","",""
"2196932320857.jpg","10/9/11","1318199600","Aidan at the park after another round of popcorn sales.","No","",""
"2214600562552.jpg","10/15/11","1318702277","","No","",""
"2224822578096.jpg","10/18/11","1318967334","Food Face for Tuesday, October 18th, 2011.","","foodface","Cold and flu season seems to have affected my tofu smiling veggie burger..."
"2227638168484.jpg","10/19/11","1319049765","Food Face for Wednesday, October 19th, 2011.","","foodface","Veggie burger again. This time with a bushy do. I still don't think I've repeated a design. Can you find one I duplicated?"
"2239185977172.jpg","10/23/11","1319385897","Aidan singing in the choir this morning.","No","",""
"2239513625363.jpg","10/23/11","1319392922","","No","",""
"2247292699835.jpg","10/26/11","1319590497","Food Face for Tuesday, October 25th, 2011.
Even hospital food can be fun!","","foodface","Stack a bunch of vegetables on a bun, and just smile!"
"2290348896213.jpg","11/8/11","1320782083","Food face for Tuesday, November 8, 2011.","","foodface","Still pretty sure I haven't repeated a design! How do you like the big eyes?"
"2294788967212.jpg","11/9/11","1320871283","Food face for Wednesday, November 9, 2011.","","foodface","This veggie burger is a bit pickled, but still has a great smile, wouldn't you say?"
"2299445163614.jpg","11/10/11","1320955865","Food Face for Thursday, November 10, 2011.","","foodface","Sometimes just a simple smile says it all, no matter how dorky it might be!"
"2396167821620.jpg","11/29/11","1322594281","Food Face for Tuesday, November 29th, 2011.","","foodface","The nice cashier guilted me into this one. She was so disappointed to see plain soup, I wanted to show her a smiley face to cheer her up. Worked like a charm. For her and several others."
"2450585422026.jpg","12/8/11","1323373932","Food Face for Monday, November 5th, 2011.","","foodface","Quite a discussion as to which Muppet this one most resembles. What do you think, Ernie, Bert, Elmo or some other?"
"2450608462602.jpg","12/8/11","1323374215","Food Face for Wednesday, November 7th, 2011.","","foodface","Received a lot of comments on this one, but I just don't quite know what to make of it. At least it looks like I still have not repeated a design!"
"2457169946635.jpg","12/9/11","1323453756","Food Face for Thursday, December 8th, 2011.","","foodface"," This one looked happier in person than in the photo. I think it gained a bit of a creepy factor when digitized."
"2485346771038.jpg","12/13/11","1323806095","Food Face for Tuesday, November 13th, 2011.","","foodface","This one comes across as some Anime character; big, soulful eyes with a teeny nose and small smile!"
"2490631223146.jpg","12/14/11","1323892343","Food Face for Wednesday, December 14th, 2011.","","foodface","Even burritos can smile!"
"2515127155529.jpg","12/19/11","1324325869","Food Face for Monday, December 19th, 2011.","","foodface","Somehow, no one seemed surprised to associate me with a big cheesy smile. 8-D"
"2520275524235.jpg","12/20/11","1324411070","Food Face for Tuesday, December 20th, 2011.","","foodface","Definitely too much collagen in these lips!"
"2545095704724.jpg","12/25/11","1324805284","The preparations are finally made for Aidan's big morning.","No","",""
"2559216377732.jpg","12/27/11","1325018524","Food Face for Tuesday, December 27th, 2011.","","foodface","It's getting harder and harder to remember if I've done one like this before or not. Enjoy!"
"2564677754263.jpg","12/28/11","1325102297","Food Face for Wednesday, December 28th, 2011.","","foodface","The question kept being asked, ""What is that thing under the chin?"" I was given a bonus french fry today. So, I tried to incorporate it into the design. I was thinking of ruffle or a beard. I just don't know..."
"2570218652782.jpg","12/29/11","1325188710","Food Face for Thursday, December 29th, 2011.","","foodface","One of the new girls today suggested that I should take pictures of these and post them somewhere. Another girl said it was ""Her new best favorite!"" they're such nice people!"
"2582660803828.jpg","1/1/12","1325383086","Aidan had a fun sleepover birthday party last night.","","foodface","I think the actual sleeping was minimized. He fell asleep on the way to the lake today. Reminds me of when he was a toddler and would say, "" I not tired daddy!"""
"2598597602238.jpg","1/3/12","1325618805","Food Face for Tuesday, January 3rd, December 2012.","","foodface","The first Food Face of the new year has a bit of a puppy dog quality about it, wouldn't you say?"
"2604024537908.jpg","1/4/12","1325704725","Food Face for Wednesday, January 4th, 2012.","","foodface","It's not really as chilly outside as my lunch would indicate!"
"2610738785760.jpg","1/5/12","1325792932","Food Face for Thursday, January 5tg, 2012.","","foodface","This one seems odd, yet intriguing..."
"2636035018150.jpg","1/9/12","1326137345","Food Face for Monday, January 9th, 2012.","","foodface","Maybe if I keep having chilli, the days will continue to stay warm? Maybe?"
"2643072914093.jpg","1/10/12","1326227035","Food Face for Tuesday, January 10th, 2012.","","foodface","Another happy way to face another day!"
"2648892939590.jpg","1/11/12","1326309998","Food Face for Wednesday, January 11th, 2012.","","foodface","The quest to keep things different and never repeat a design is moving me to stranger and stranger faces, with even odder food combinations."
"2655373381597.jpg","1/12/12","1326400004","Food Face for Thursday, January 12th, 2012.","","foodface","Here's some irony for you: A pepperoni smile on a vegetable burger."
"2712190561991.jpg","1/20/12","1327086228","Food Face for Friday, January 20th, 2012.","","foodface","Today's face is sporting a pompadour with a Hawaiian smile. Makes me homesick."
"2742538320666.jpg","1/24/12","1327433777","Food Face for Tuesday, January 23rd, 2012.","","foodface","I've had requests for more muppet characters lately. How is this one?"
"2847975716535.jpg","2/8/12","1328727827","Food Face for Wednesday, February 8th, 2012.","","foodface","Does a mushroom smile make you a fun guy?"
"2948571991379.jpg","2/22/12","1329938813","Food Face for Wednesday, February 22nd, 2012.","","foodface","How about a duo-tone face today? Chili with feta cheese."
"2977194746930.jpg","2/27/12","1330373074","Food Face for Monday, February 27th, 2012.","","foodface","This Chili face is for Megan, in honor of her last day working in the cafeteria. Good luck Megan!"
"3052244063116.jpg","3/12/12","1331577938","Food Face for Monday, March 12th, 2012.","","foodface","I think this is my first happy face primarily of rice. Hopefully not too bad..."
"3128448288174.jpg","3/26/12","1332787257","Food Face for Monday, March 26th, 2012.","","foodface","Yet another strange-complected, humorous face to brighten the day. Enjoy!"
"3330807067017.jpg","4/27/12","1335546082","","No","",""
"3560783656288.jpg","6/5/12","1338909278","Food Face for Tuesday, June 5th, 2012.
Ok, so it's actually a mug of coffee. I know. It's still a face, right?","","foodface","I started drinking coffee for lunch. I know, I know. Anyway, who knew dried grapes could make such an expressive food face?"
"3566358315651.jpg","6/6/12","1339014908","Food Face for Wednesday, June 6th, 2012.
I can't tell if my coffee mug is happy or surprised. I'm good with it either way, because it's full!","","foodface","Surprise! All green olives."
"3800064398157.jpg","8/3/12","1344036084","","No","",""
"3800345565186.jpg","8/4/12","1344040104","The view from our room. So nice to have arrived safely! Crazy/stupid/unbelievable drivers are not limited to southwest Missouri, I assure you!","No","",""
"3803330239801.jpg","8/4/12","1344111387","Managed to get my daily workout in for today. All of International Drive was backed up into what was basically a parking lot. So, on the whim of adventure, Aidan and I got out and walked a mile and a half in good Florida sunshine!","No","",""
"3804375585934.jpg","8/5/12","1344129689","Food face for Saturday, August 4th, 2012.","","foodface","My son expressed his disappointment that I have no longer been doing food faces. So, here are our appetizers at Roy's tonight, food face style. For those who may be curious, this is ahi poke, a lobster crab potsticker, and a three day infused piece of pineapple. With apologies to my Vegan friends, it was freakin' delicious!"
"3804453867891.jpg","8/5/12","1344131539","This is what happens to a plate of macadamia nut-encrusted mahi-mahi if you leave it in front of me for four minutes. In deference to Tracye and the decorum of the fine establishment serving this wonder, I barely refrained from licking the plate!","No","",""
"3807072213348.jpg","8/5/12","1344190148","Can't see the haunted mansion now without thinking of ""Down and out in the Magic Kingdom"" by Cory Doctorow.
http://craphound.com/down/?page_id=1625","No","",""
"3820587231215.jpg","8/8/12","1344433358","So long Caribe Royale!
It's been fun!","No","",""
"3822200351542.jpg","8/8/12","1344461423","Spotted one of coolest slug bugs we've ever encountered this morning from Sea World. The dorsal fin and whale tail blend perfectly. Loved it.","No","",""
"3825725519669.jpg","8/9/12","1344534290","Today was supposed to be a beach day. We took advantage of this window in the rain to get just a smidge of beach time in. Check out those storm clouds. Lightning started up again right after this.","No","",""
"3826342415091.jpg","8/9/12","1344539599","Lunch at Felixes. An odd joint, to be sure...","No","",""
"3826387136209.jpg","8/9/12","1344540168","We can see the battleship Alabama and the gulf of Mexico from our seats at Felix's. Good times.","No","",""
"3826561540569.jpg","8/9/12","1344542478","Felix's: Looks like a giant pile of shacks, tastes pretty good, smells relatively bad, and priced like they are truly proud. Oh, well. I had the fresh grouper and I enjoyed it.","No","",""
"3826601741574.jpg","8/9/12","1344542707","Felix's: Looks like a giant pile of shacks, tastes pretty good, smells relatively bad, and priced like they are truly proud. Oh, well. I had the fresh grouper and I enjoyed it.","No","",""
"3827723449616.jpg","8/10/12","1344557077","The view from our hotel room is something to behold this time! Good thing it's only a short walk to CafÃ© Du Monde. Our grand adventure continues!","No","",""
"3828369585769.jpg","8/10/12","1344565163","Dinner is coming a bit late this evening. Still, we have high hopes for our cuisine here in New Orleans...","No","",""
"3830584401138.jpg","8/10/12","1344613543","Meet A2-Z2. At Hollywood Studios, after the Star Tours ride (awesome!) is a place to build droids like R2-D2. Aidan built the droid he would like to accompany him on his adventures throughout the galaxy. Since Aidan's initials are ABCZ, I think he did a great job naming him A2-Z2, don't you?","No","",""
"3831401461564.jpg","8/10/12","1344628424","Mom. Hurricane!","No","",""
"3831402901600.jpg","8/10/12","1344628454","It's a lovely rainstorm. Need to bring it home!","No","",""
"3831956515440.jpg","8/10/12","1344639686","Ah, Bourbon Street. I can hear Obi Wan's warning about Mos Eisley now...","No","",""
"3899897693927.jpg","8/27/12","1346110589","Part of Aidan's scout requirements are to attend a City Council meeting. We've been missing them more often than not, so we thought we would try to attend this week since there's no scout meeting. The hot topics on the table have made this place a freaking zoo!","No","",""
"3945975405841.jpg","9/8/12","1347130922","Enjoying the scout camporall event this weekend. The weather is cooperating well!","No","",""
"3965577455880.jpg","9/13/12","1347542163","Food Face for Thursday, September 13th, 2012. 
I haven't been eating much food that lends itself to faces for a while now. I have noticed the top of my coffee mug has some very interesting possibilities, however!","","foodface","Pineapple, melon, raisins, and a big tomato smile."
"3975069533176.jpg","9/15/12","1347742972","Aidan and I are attending the annual company picnic. At the expo center. He's looking forward to this big pirate ship slide octopus crazy whatever it is.","No","",""
"4001440232427.jpg","9/22/12","1348322412","What a beautiful sunrise to start our camping journey.","No","",""
"4014718244369.jpg","9/25/12","1348586945","Food Face for Tuesday, September 25th, 2012. 
My mother has a bit of a surprise look on it today!","","foodface","Cottage cheese, raisins, and a sweet treat from the salad bar."
"4018410416671.jpg","9/26/12","1348662076","Food Face for Wednesday, September 26th, 2012.
It's hard to really pick favorites sometimes, but the clown faces really are fun!","","foodface","Pineapple, cantalope, and raisins."
"4069718939352.jpg","10/8/12","1349714707","Food Face for Monday, October 8th, 2012.
Olive you paying attention? Have I repeated a face yet?","","foodface","A tribute to Jimmy Durante, in green and black olives, peas, and beef jerky."
"4082212291678.jpg","10/11/12","1349966117","Food Face for Thursday, October 11th, 2012.
Since today is ten, eleven, twelve, I thought I would share a recent discovery: Some of these faces can be ""disassembled.""
I made six faces instead of one!","","foodface,A","An experimental face: How many faces can one mug make? Starting with oatmeal, raisins, lots of tomato slivers, melon, and granola."
"4082212611686.jpg","10/11/12","1349966120","Food Face for Thursday, October 11th, 2012.
Since today is ten, eleven, twelve, I thought I would share a recent discovery: Some of these faces can be ""disassembled.""
I made six faces instead of one!","","foodface,B","Second face: One lip tomato removed."
"4082212931694.jpg","10/11/12","1349966123","Food Face for Thursday, October 11th, 2012.
Since today is ten, eleven, twelve, I thought I would share a recent discovery: Some of these faces can be ""disassembled.""
I made six faces instead of one!","","foodface,C","Third face: Surprised to lose their smile!"
"4082213131699.jpg","10/11/12","1349966127","Food Face for Thursday, October 11th, 2012.
Since today is ten, eleven, twelve, I thought I would share a recent discovery: Some of these faces can be ""disassembled.""
I made six faces instead of one!","","foodface,D","Fourth face: Clean shaven. Missed a spot."
"4082213291703.jpg","10/11/12","1349966130","Food Face for Thursday, October 11th, 2012.
Since today is ten, eleven, twelve, I thought I would share a recent discovery: Some of these faces can be ""disassembled.""
I made six faces instead of one!","","foodface,E","Fifth face: Who needs eyebrows, anyway?"
"4082213651712.jpg","10/11/12","1349966133","Food Face for Thursday, October 11th, 2012.
Since today is ten, eleven, twelve, I thought I would share a recent discovery: Some of these faces can be ""disassembled.""
I made six faces instead of one!","","foodface,F","Sixth face: Oatmeal and raisins. A classic combination."
"4107662847926.jpg","10/17/12","1350481610","Food Face for Wednesday, October 17th, 2012.
Another mug on a mug!
I disassembled this one, too.","","foodface,A","Another experimental face: Starting with hot cereal, craisins, a raisin nose, granola mustache, and noodle eyebrows."
"4107663247936.jpg","10/17/12","1350481618","Food Face for Wednesday, October 17th, 2012.
Another mug on a mug!
I disassembled this one, too.","","foodface,B","Second face: Start with a shave."
"4107663607945.jpg","10/17/12","1350481626","Food Face for Wednesday, October 17th, 2012.
Another mug on a mug!
I disassembled this one, too.","","foodface,C","Third face: No more eyebrows."
"4107664047956.jpg","10/17/12","1350481635","Food Face for Wednesday, October 17th, 2012.
Another mug on a mug!
I disassembled this one, too.","","foodface,D","Fourth face: Hot cereal and craisins. 'nuff said."
"4112182000902.jpg","10/18/12","1350571367","Food Face for Thursday, October 18th, 2012.
Fruit face. Nothing but fruit and the mug o' coffee.","","foodface","Melon face! With an orange assist for a smile."
"4141344049935.jpg","10/25/12","1351172275","Food Face for Thursday October 25th, 2012.
Another mug on a mug. I feel like I'm running out of options at breakfast time for making unique faces. Of course, had I not been running out, I wouldn't have thought of hot sauce for the pupils today!","","foodface","Sometimes, you just have to shake your head and keep going."
"4171611326598.jpg","11/1/12","1351770537","Food Face for Thursday, November 1st, 2012.","","foodface","This is the first time I've noticed this flavor of cream cheese at the food bar. I really like the way this one came out!"
"4226647542469.jpg","11/13/12","1352843678","Food Face for Tuesday, November 13th, 2012.
This reminds me of Roxanne, where the best insult I can come up with is, ""Big nose!""","","foodface","With black and pea eyes, and a green olive nose, this one comes close to a repeat. The bean brows save it."
"4234137089703.jpg","11/15/12","1353013770","Food Face for Thursday, November 15th, 2012.
The asymmetry of this one gives it a lot of character, I thought!","","foodface","All fruit!"
"10200254473902538.jpg","5/3/13","1367539652","Central High School choir night. Aidan's choir is first on stage!","No","",""
"10200254474022541.jpg","5/3/13","1367539654","Central High School choir night. Aidan's choir is first on stage!","No","",""
"10200744724158488.jpg","7/30/13","1375146650","Food face for Monday, July 29, 2013.
Tracye's blackberry cobbler.
Can everyone see the smile on my face?","","foodface","Green olives and a cheesy smile make a happy omelette."
"10200744724358493.jpg","7/30/13","1375146653","Food face for Monday, July 29, 2013.
Tracye's blackberry cobbler.
Can everyone see the smile on my face?","","foodface","Mushrooms and cheese, for another happy omelette."
"10201730581364302.jpg","12/25/13","1387950052","This is @[1118340714:2048:Tracye]'s Hawaiian Silk Pie under construction. 
In my opinion, this takes French Silk Pie and moves to the stratosphere! I absolutely could not believe my tongue! Incredible!!","No","",""
"10201731801874814.jpg","12/25/13","1387968913","The great experiment begins...
Our fabulous Christmas gift this year is a digital smoker. So, freshly unwrapped, it is already entrusted with today's main entree: One Xmas Turkey.
Game on!","No","",""
"10211669463950155.jpg","10/1/17","1506882251","Proud of my young man working hard on his new ride!","No","",""
"10215873176760348.jpg","4/27/19","1556328683","Meet the âRum Barrelâ
All I can say is: YUM!","No","",""
"10216458857722006.jpg","7/20/19","1563647218","","No","",""
"10216458857882010.jpg","7/20/19","1563647219","","No","",""
"10216458858522026.jpg","7/20/19","1563647221","","No","",""
"10216458859122041.jpg","7/20/19","1563647222","","No","",""
"10216466045461695.jpg","7/21/19","1563734590","","No","",""
"10216466045901706.jpg","7/21/19","1563734591","","No","",""
"10216466046141712.jpg","7/21/19","1563734592","","No","",""
"10216466046541722.jpg","7/21/19","1563734594","","No","",""
"10216466046781728.jpg","7/21/19","1563734594","","No","",""
"10216470881502593.jpg","7/22/19","1563799398","","No","",""
"10216470881782600.jpg","7/22/19","1563799399","","No","",""
"10221091686259824.jpg","2/8/21","1612745843","","","other","Made a truly delicious batch of pecan brittle for Super Bowl Sunday. This piece broke out naturally from the pan, and my geeky self was overjoyed!"